{
    "root_group": {
        "groups": {},
        "checks": {
                "events ok": {
                    "name": "events ok",
                    "path": "::events ok",
                    "id": "4148996f4236d49ba817620175b2dba5",
                    "passes": 86793,
                    "fails": 1865737
                }
            },
        "name": "",
        "path": "",
        "id": "d41d8cd98f00b204e9800998ecf8427e"
    },
    "metrics": {
        "http_req_waiting": {
            "max": 49.12872,
            "p(90)": 3.164856100000001,
            "p(95)": 4.612671199999996,
            "avg": 1.6132947398533395,
            "min": 0,
            "med": 1.0925275
        },
        "http_req_receiving": {
            "avg": 0.02533998366068628,
            "min": 0.003703,
            "med": 0.018212,
            "max": 15.762316,
            "p(90)": 0.039178,
            "p(95)": 0.059075
        },
        "http_req_connecting": {
            "avg": 0.00007983568805600938,
            "min": 0,
            "med": 0,
            "max": 17.97019,
            "p(90)": 0,
            "p(95)": 0
        },
        "vus": {
            "min": 1,
            "max": 500,
            "value": 1
        },
        "data_received": {
            "count": 580209752,
            "rate": 604360.9498496725
        },
        "vus_max": {
            "min": 500,
            "max": 500,
            "value": 500
        },
        "data_sent": {
            "count": 156202400,
            "rate": 162704.31599501707
        },
        "http_req_tls_handshaking": {
            "avg": 0,
            "min": 0,
            "med": 0,
            "max": 0,
            "p(90)": 0,
            "p(95)": 0
        },
        "http_req_sending": {
            "max": 4.313952,
            "p(90)": 0.011113,
            "p(95)": 0.017268,
            "avg": 0.00810596492397036,
            "min": 0.001759,
            "med": 0.005654
        },
        "http_req_duration": {
            "avg": 1.6467406884380302,
            "min": 0.017312,
            "med": 1.1224695,
            "max": 49.205769,
            "p(90)": 3.2096857000000028,
            "p(95)": 4.668004699999986,
            "thresholds": {
                "p(99)<2000": false
            }
        },
        "http_reqs": {
            "count": 1952530,
            "rate": 2033.8039499377135
        },
        "errors": {
            "passes": 1865737,
            "fails": 86793,
            "value": 0.9555484422774554
        },
        "http_req_failed": {
            "passes": 1865737,
            "fails": 86793,
            "value": 0.9555484422774554
        },
        "checks": {
            "passes": 86793,
            "fails": 1865737,
            "value": 0.044451557722544596
        },
        "http_req_blocked": {
            "max": 18.041805,
            "p(90)": 0.004147,
            "p(95)": 0.00484,
            "avg": 0.002926108668240716,
            "min": 0.000692,
            "med": 0.002441
        },
        "iterations": {
            "count": 1952530,
            "rate": 2033.8039499377135
        },
        "http_req_duration{expected_response:true}": {
            "avg": 4.481384451683828,
            "min": 0.778349,
            "med": 3.485786,
            "max": 49.205769,
            "p(90)": 7.9367920000000005,
            "p(95)": 10.408906599999979
        },
        "iteration_duration": {
            "max": 149.350361,
            "p(90)": 103.4930904,
            "p(95)": 104.93335904999998,
            "avg": 101.90113122173138,
            "min": 100.263887,
            "med": 101.4190425
        }
    }
}